# K. Kadoya, N. Matsunaga and A. Nagashima, "Viscosity and thermal conductivity of dry air in the
# gaseous phase", J. Phys. Chem. Ref. Data 14 (1985) 947-970, Table 7 (p. 953), the constants of
# eq. (3) (p. 956): eta = H [eta_0(T_r) + Delta_eta(rho_r)], eta_0 = A_1 T_r + A_0.5 T_r^0.5
# + sum over i = 0..-4 of A_i T_r^i, Delta_eta = sum over i = 1..4 of B_i rho_r^i, T_r = T/T*,
# rho_r = rho/rho*. The printed digit groups (e.g. "0.1285 17") are written without the space.
# kind 0: index 1 = T* (K), 2 = rho* (kg/m^3), 3 = H (1e-6 Pa s);
# kind 1: index = the exponent i of A_i; kind 2: index = the power i of B_i.
kind,index,value
0,1,132.5
0,2,314.3
0,3,6.16090
1,1,0.128517
1,0.5,2.60661
1,0,-1.00000
1,-1,-0.709661
1,-2,0.662534
1,-3,-0.197846
1,-4,0.00770147
2,1,0.465601
2,2,1.26469
2,3,-0.511425
2,4,0.274600
