# B. J. McBride, M. J. Zehe and S. Gordon, "NASA Glenn Coefficients for Calculating
# Thermodynamic Properties of Individual Species", NASA/TP-2002-211556 (2002), Appendix D:
# the coefficients a1..a7 of eq. (1), cp/R = a1 T^-2 + a2 T^-1 + a3 + a4 T + a5 T^2 + a6 T^3 + a7 T^4,
# and the integration constants b1, b2 of eqs. (2) and (3), for four species, the 200-1000 K and
# 1000-6000 K intervals only (the 6000-20000 K interval N2, O2 and Ar also carry is not transcribed).
# Printed in FORTRAN D notation; written here with E, digit for digit.
# species: 1 = N2 (p. 156), 2 = O2 (p. 166), 3 = Ar (p. 55), 4 = Air, a reactants-only species (p. 276).
species,t_lo,t_hi,a1,a2,a3,a4,a5,a6,a7,b1,b2
1,200.000,1000.000,2.210371497E+04,-3.818461820E+02,6.082738360E+00,-8.530914410E-03,1.384646189E-05,-9.625793620E-09,2.519705809E-12,7.108460860E+02,-1.076003744E+01
1,1000.000,6000.000,5.877124060E+05,-2.239249073E+03,6.066949220E+00,-6.139685500E-04,1.491806679E-07,-1.923105485E-11,1.061954386E-15,1.283210415E+04,-1.586640027E+01
2,200.000,1000.000,-3.425563420E+04,4.847000970E+02,1.119010961E+00,4.293889240E-03,-6.836300520E-07,-2.023372700E-09,1.039040018E-12,-3.391454870E+03,1.849699470E+01
2,1000.000,6000.000,-1.037939022E+06,2.344830282E+03,1.819732036E+00,1.267847582E-03,-2.188067988E-07,2.053719572E-11,-8.193467050E-16,-1.689010929E+04,1.738716506E+01
3,200.000,1000.000,0.000000000E+00,0.000000000E+00,2.500000000E+00,0.000000000E+00,0.000000000E+00,0.000000000E+00,0.000000000E+00,-7.453750000E+02,4.379674910E+00
3,1000.000,6000.000,2.010538475E+01,-5.992661070E-02,2.500069401E+00,-3.992141160E-08,1.205272140E-11,-1.819015576E-15,1.078576636E-19,-7.449939610E+02,4.379180110E+00
4,200.000,1000.000,1.009950160E+04,-1.968275610E+02,5.009155110E+00,-5.761013730E-03,1.066859930E-05,-7.940297970E-09,2.185231910E-12,-1.767967310E+02,-3.921504225E+00
4,1000.000,6000.000,2.415214430E+05,-1.257874600E+03,5.144558670E+00,-2.138541790E-04,7.065227840E-08,-1.071483490E-11,6.577800150E-16,6.462263190E+03,-8.147411905E+00
