# B. J. McBride, M. J. Zehe and S. Gordon, NASA/TP-2002-211556 (2002), Appendix B, Table B1,
# "Thermodynamic properties for gases at 0 and 298.15 K": the molecular weight, Cp(298.15) in
# J/(K mol) and Delta_f H(298.15) in kJ/mol of twelve species (printed pp. 24, 26, 10, 32, 14, 15,
# 21, 14, 21, 26, 26 and 20, in code order); the other columns are not transcribed.
# species: 1 = N2, 2 = O2, 3 = Ar, 4 = Air, 5 = CH4, 6 = CO2, 7 = H2O, 8 = CO, 9 = H2, 10 = OH,
# 11 = O, 12 = H.
species,mol_weight,cp_298,dfh_298
1,28.01340,29.124,0.000
2,31.99880,29.378,0.000
3,39.94800,20.786,0.000
4,28.96512,29.102,-0.126
5,16.04246,35.691,-74.600
6,44.00950,37.135,-393.510
7,18.01528,33.588,-241.826
8,28.01010,29.141,-110.535
9,2.01588,28.836,0.000
10,17.00734,29.886,37.278
11,15.99940,21.912,249.175
12,1.00794,20.786,217.999
