# B. J. McBride, S. Gordon and M. A. Reno, "Coefficients for Calculating Thermodynamic and
# Transport Properties of Individual Species", NASA TM-4513 (October 1993), Table II: the
# seven-coefficient records of ten species, transcribed from the page images (the report's text
# layer is OCR and is corrupt in places), digit for digit, in the record's own E15.8 form.
# Two rows per species, in the record's order: the 1000-6000 K interval (record 2 and the first
# two numbers of record 3), then the 200-1000 K interval (the last three numbers of record 3 and
# the first four of record 4). a1..a5 are eq. (1)'s cp/R = a1 + a2 T + a3 T^2 + a4 T^3 + a5 T^4;
# a6 and a7 are b1 and b2 of eqs. (2) and (3). mol_weight is record 1's molecular weight and
# h298_r is record 4's last number, H(298.15)/R in K; both are repeated on the two rows of a
# species. The errata sheet bound into the report changes no number of these ten records.
# species (the codes of nasa-glenn2002/table_B1.csv), with the printed page and reference code:
# 1 = N2 (p. 39, TPIS78), 2 = O2 (p. 42, TPIS89), 5 = CH4 (p. 19, L 8/88), 6 = CO2 (p. 19, L 7/88),
# 7 = H2O (p. 32, L 8/89), 8 = CO (p. 19, TPIS79), 9 = H2 (p. 32, TPIS78), 10 = OH (p. 42, TPIS78),
# 11 = O (p. 42, L 1/90), 12 = H (p. 30, L 5/93).
species,t_lo,t_hi,mol_weight,a1,a2,a3,a4,a5,a6,a7,h298_r
1,1000.000,6000.000,28.01348,2.95257626E+00,1.39690057E-03,-4.92631691E-07,7.86010367E-11,-4.60755321E-15,-9.23948645E+02,5.87189252E+00,0.00000000E+00
1,200.000,1000.000,28.01348,3.53100528E+00,-1.23660987E-04,-5.02999437E-07,2.43530612E-09,-1.40881235E-12,-1.04697628E+03,2.96747468E+00,0.00000000E+00
2,1000.000,6000.000,31.99880,3.66096083E+00,6.56365523E-04,-1.41149485E-07,2.05797658E-11,-1.29913248E-15,-1.21597725E+03,3.41536184E+00,0.00000000E+00
2,200.000,1000.000,31.99880,3.78245636E+00,-2.99673415E-03,9.84730200E-06,-9.68129508E-09,3.24372836E-12,-1.06394356E+03,3.65767573E+00,0.00000000E+00
5,1000.000,6000.000,16.04276,1.63552643E+00,1.00842795E-02,-3.36916254E-06,5.34958667E-10,-3.15518833E-14,-1.00056455E+04,9.99313326E+00,-8.97226656E+03
5,200.000,1000.000,16.04276,5.14987613E+00,-1.36709788E-02,4.91800599E-05,-4.84743026E-08,1.66693956E-11,-1.02466476E+04,-4.64130376E+00,-8.97226656E+03
6,1000.000,6000.000,44.00980,4.63659493E+00,2.74131991E-03,-9.95828531E-07,1.60373011E-10,-9.16103468E-15,-4.90249341E+04,-1.93534855E+00,-4.73281047E+04
6,200.000,1000.000,44.00980,2.35677352E+00,8.98459677E-03,-7.12356269E-06,2.45919022E-09,-1.43699548E-13,-4.83719697E+04,9.90105222E+00,-4.73281047E+04
7,1000.000,6000.000,18.01528,2.67703787E+00,2.97318329E-03,-7.73769690E-07,9.44336689E-11,-4.26900959E-15,-2.98858938E+04,6.88255571E+00,-2.90848168E+04
7,200.000,1000.000,18.01528,4.19864056E+00,-2.03643410E-03,6.52040211E-06,-5.48797062E-09,1.77197817E-12,-3.02937267E+04,-8.49032208E-01,-2.90848168E+04
8,1000.000,6000.000,28.01040,3.04848583E+00,1.35172818E-03,-4.85794075E-07,7.88536486E-11,-4.69807489E-15,-1.42661171E+04,6.01709790E+00,-1.32936276E+04
8,200.000,1000.000,28.01040,3.57953347E+00,-6.10353680E-04,1.01681433E-06,9.07005884E-10,-9.04424499E-13,-1.43440860E+04,3.50840928E+00,-1.32936276E+04
9,1000.000,6000.000,2.01588,2.93286579E+00,8.26607967E-04,-1.46402335E-07,1.54100359E-11,-6.88804432E-16,-8.13065597E+02,-1.02432887E+00,0.00000000E+00
9,200.000,1000.000,2.01588,2.34433112E+00,7.98052075E-03,-1.94781510E-05,2.01572094E-08,-7.37611761E-12,-9.17935173E+02,6.83010238E-01,0.00000000E+00
10,1000.000,6000.000,17.00734,2.83864607E+00,1.10725586E-03,-2.93914978E-07,4.20524247E-11,-2.42169092E-15,3.94395852E+03,5.84452662E+00,4.73234213E+03
10,200.000,1000.000,17.00734,3.99201543E+00,-2.40131752E-03,4.61793841E-06,-3.88113333E-09,1.36411470E-12,3.61508056E+03,-1.03925458E-01,4.73234213E+03
11,1000.000,6000.000,15.99940,2.54363697E+00,-2.73162486E-05,-4.19029520E-09,4.95481845E-12,-4.79553694E-16,2.92260120E+04,4.92229457E+00,2.99687009E+04
11,200.000,1000.000,15.99940,3.16826710E+00,-3.27931884E-03,6.64306396E-06,-6.12806624E-09,2.11265971E-12,2.91222592E+04,2.05193346E+00,2.99687009E+04
12,1000.000,6000.000,1.00794,2.50000286E+00,-5.65334214E-09,3.63251723E-12,-9.19949720E-16,7.95260746E-20,2.54736589E+04,-4.46698494E-01,2.62190349E+04
12,200.000,1000.000,1.00794,2.50000000E+00,0.00000000E+00,0.00000000E+00,0.00000000E+00,0.00000000E+00,2.54736599E+04,-4.46682853E-01,2.62190349E+04
