# Ghia, Ghia and Shin, J. Comput. Phys. 48 (1982) 387-411, Table I:
# u along the vertical line through the geometric centre of the cavity (x = 0.5),
# at the y below, for Re = 100 and Re = 400 (the paper's other Re columns are not transcribed).
# Unit square, lid at y = 1 moving in +x at u = 1, Re = U L / nu; the paper's grid is 129 x 129.
y,u_re100,u_re400
1.0000,1.00000,1.00000
0.9766,0.84123,0.75837
0.9688,0.78871,0.68439
0.9609,0.73722,0.61756
0.9531,0.68717,0.55892
0.8516,0.23151,0.29093
0.7344,0.00332,0.16256
0.6172,-0.13641,0.02135
0.5000,-0.20581,-0.11477
0.4531,-0.21090,-0.17119
0.2813,-0.15662,-0.32726
0.1719,-0.10150,-0.24299
0.1016,-0.06434,-0.14612
0.0703,-0.04775,-0.10338
0.0625,-0.04192,-0.09266
0.0547,-0.03717,-0.08186
0.0000,0.00000,0.00000
