# Ghia, Ghia and Shin, J. Comput. Phys. 48 (1982) 387-411, Table II:
# v along the horizontal centreline (y = 0.5), at the x below, for Re = 100 and Re = 400.
# excluded_re400 = 1 marks the one station the Re = 400 comparison leaves out: the paper prints
# -0.23827 at x = 0.9063, which breaks the monotone run between -0.22847 (x = 0.9453) and the
# minimum -0.44993 (x = 0.8594); it is reproduced as printed, not corrected (Nilsson and Wallin,
# Uppsala University report 22015 (2022) section 5.2 exclude the same station).
x,v_re100,v_re400,excluded_re400
1.0000,0.00000,0.00000,0
0.9688,-0.05906,-0.12146,0
0.9609,-0.07391,-0.15663,0
0.9531,-0.08864,-0.19254,0
0.9453,-0.10313,-0.22847,0
0.9063,-0.16914,-0.23827,1
0.8594,-0.22445,-0.44993,0
0.8047,-0.24533,-0.38598,0
0.5000,0.05454,0.05188,0
0.2344,0.17527,0.30174,0
0.2266,0.17507,0.30203,0
0.1563,0.16077,0.28124,0
0.0938,0.12317,0.22965,0
0.0781,0.10890,0.20920,0
0.0703,0.10091,0.19713,0
0.0625,0.09233,0.18360,0
0.0000,0.00000,0.00000,0
